-- =====================================================================
-- SUPERMERCADO BD  -  Insercao de Dados
-- Este script preenche todas as tabelas com pelo menos 30 tuplas.
-- =====================================================================
USE supermercado;

-- ---------------------------------------------------------------------
-- 1. FILIAL  (30 tuplas)
-- ---------------------------------------------------------------------
INSERT INTO filial (cnpj, rua, numero, cep) VALUES
('10000000000001','Av. Paulista','1500','01310100'),
('10000000000002','Rua das Palmeiras','200','20040020'),
('10000000000003','Av. Afonso Pena','880','30130005'),
('10000000000004','Rua XV de Novembro','1000','80020310'),
('10000000000005','Av. Ipiranga','6681','90619900'),
('10000000000006','Av. Beira Mar','3300','60165120'),
('10000000000007','Av. Sete de Setembro','4400','40060001'),
('10000000000008','Rua do Sol','200','65020360'),
('10000000000009','Av. Nazare','550','66035170'),
('10000000000010','Av. Rio Branco','156','20040030'),
('10000000000011','Rua Augusta','2300','01413000'),
('10000000000012','Av. Dom Pedro I','450','13020030'),
('10000000000013','Rua Marechal Deodoro','100','79010030'),
('10000000000014','Av. Eng. Roberto Freire','1200','59082100'),
('10000000000015','Rua Joao Pessoa','850','58013220'),
('10000000000016','Av. Getulio Vargas','3300','69025001'),
('10000000000017','Av. 7 de Setembro','100','69900130'),
('10000000000018','Rua Marabaixo','500','68908772'),
('10000000000019','Av. Ceara','2400','69900020'),
('10000000000020','Av. Tancredo Neves','274','68005090'),
('10000000000021','Rua do Comercio','300','77403020'),
('10000000000022','Av. Joaquim Nabuco','1800','69020030'),
('10000000000023','Av. das Americas','5000','22640102'),
('10000000000024','Rua Benedito Leite','400','65010030'),
('10000000000025','Av. Leste Oeste','360','49015080'),
('10000000000026','Av. Marechal Floriano','190','69900900'),
('10000000000027','Rua Salgado Filho','620','59067530'),
('10000000000028','Av. Senador Salgado Filho','1000','65070540'),
('10000000000029','Rua Pedro Alves','750','57020600'),
('10000000000030','Av. Fernandes Lima','2080','57055490');

-- ---------------------------------------------------------------------
-- 2. FILIAL_TELEFONE  (30 tuplas)
-- ---------------------------------------------------------------------
INSERT INTO filial_telefone (telefone, cnpj_filial) VALUES
('1130001001','10000000000001'),
('2130001002','10000000000002'),
('3130001003','10000000000003'),
('4130001004','10000000000004'),
('5130001005','10000000000005'),
('8530001006','10000000000006'),
('7130001007','10000000000007'),
('9830001008','10000000000008'),
('9130001009','10000000000009'),
('2130001010','10000000000010'),
('1130001011','10000000000011'),
('1930001012','10000000000012'),
('6730001013','10000000000013'),
('8430001014','10000000000014'),
('8330001015','10000000000015'),
('9230001016','10000000000016'),
('6830001017','10000000000017'),
('9630001018','10000000000018'),
('9230001019','10000000000019'),
('9130001020','10000000000020'),
('6330001021','10000000000021'),
('9230001022','10000000000022'),
('2130001023','10000000000023'),
('9830001024','10000000000024'),
('7930001025','10000000000025'),
('9230001026','10000000000026'),
('8430001027','10000000000027'),
('9830001028','10000000000028'),
('8230001029','10000000000029'),
('8230001030','10000000000030');

-- ---------------------------------------------------------------------
-- 3. FUNCIONARIO  (30 tuplas)
--    Matriculas FUNC001-FUNC030
--    Os tres primeiros sao "administrativo" e atuam como supervisores.
-- ---------------------------------------------------------------------
INSERT INTO funcionario (matricula, cpf, nome, telefone1, telefone2, tipo, cnpj_filial, supervisor) VALUES
('FUNC001','11111111111','Carlos Silva','81999990001',NULL,'administrativo','10000000000001',NULL),
('FUNC002','22222222222','Mariana Souza','81999990002',NULL,'administrativo','10000000000002',NULL),
('FUNC003','33333333333','Roberto Lima','81999990003',NULL,'administrativo','10000000000003',NULL),
('FUNC004','44444444444','Ana Pereira','81999990004',NULL,'operacional','10000000000001','FUNC001'),
('FUNC005','55555555555','Pedro Santos','81999990005',NULL,'operacional','10000000000001','FUNC001'),
('FUNC006','66666666666','Juliana Costa','81999990006','81999000006','operacional','10000000000002','FUNC002'),
('FUNC007','77777777777','Fernando Gomes','81999990007',NULL,'operacional','10000000000002','FUNC002'),
('FUNC008','88888888888','Patricia Alves','81999990008',NULL,'operacional','10000000000003','FUNC003'),
('FUNC009','99999999999','Lucas Martins','81999990009',NULL,'operacional','10000000000003','FUNC003'),
('FUNC010','10000000010','Beatriz Rocha','81999990010',NULL,'operacional','10000000000004','FUNC001'),
('FUNC011','10000000011','Diego Almeida','81999990011',NULL,'operacional','10000000000004','FUNC001'),
('FUNC012','10000000012','Camila Ribeiro','81999990012',NULL,'operacional','10000000000005','FUNC002'),
('FUNC013','10000000013','Ricardo Barros','81999990013',NULL,'operacional','10000000000005','FUNC002'),
('FUNC014','10000000014','Larissa Carvalho','81999990014',NULL,'operacional','10000000000006','FUNC003'),
('FUNC015','10000000015','Gustavo Nunes','81999990015',NULL,'operacional','10000000000006','FUNC003'),
('FUNC016','10000000016','Tatiana Moreira','81999990016',NULL,'operacional','10000000000007','FUNC001'),
('FUNC017','10000000017','Eduardo Pinto','81999990017',NULL,'operacional','10000000000007','FUNC001'),
('FUNC018','10000000018','Renata Lopes','81999990018',NULL,'operacional','10000000000008','FUNC002'),
('FUNC019','10000000019','Marcelo Cunha','81999990019',NULL,'operacional','10000000000008','FUNC002'),
('FUNC020','10000000020','Sabrina Teixeira','81999990020',NULL,'operacional','10000000000009','FUNC003'),
('FUNC021','10000000021','Felipe Cardoso','81999990021',NULL,'operacional','10000000000009','FUNC003'),
('FUNC022','10000000022','Aline Ferreira','81999990022',NULL,'operacional','10000000000010','FUNC001'),
('FUNC023','10000000023','Bruno Mendes','81999990023',NULL,'operacional','10000000000010','FUNC001'),
('FUNC024','10000000024','Carla Vieira','81999990024',NULL,'operacional','10000000000011','FUNC002'),
('FUNC025','10000000025','Daniel Castro','81999990025',NULL,'operacional','10000000000011','FUNC002'),
('FUNC026','10000000026','Elaine Pires','81999990026',NULL,'operacional','10000000000012','FUNC003'),
('FUNC027','10000000027','Fabio Tavares','81999990027',NULL,'operacional','10000000000012','FUNC003'),
('FUNC028','10000000028','Giovana Borges','81999990028',NULL,'operacional','10000000000013','FUNC001'),
('FUNC029','10000000029','Henrique Brito','81999990029',NULL,'operacional','10000000000013','FUNC001'),
('FUNC030','10000000030','Isabela Cruz','81999990030',NULL,'operacional','10000000000014','FUNC002');

-- ---------------------------------------------------------------------
-- 4. DEPENDENTE  (30 tuplas)
-- ---------------------------------------------------------------------
INSERT INTO dependente (matricula, mat_func, nome) VALUES
('DEP001','FUNC001','Lucas Silva'),
('DEP002','FUNC001','Maria Silva'),
('DEP003','FUNC002','Joao Souza'),
('DEP004','FUNC003','Paula Lima'),
('DEP005','FUNC004','Otavio Pereira'),
('DEP006','FUNC005','Helena Santos'),
('DEP007','FUNC006','Pedro Costa'),
('DEP008','FUNC007','Beatriz Gomes'),
('DEP009','FUNC008','Lara Alves'),
('DEP010','FUNC009','Tomas Martins'),
('DEP011','FUNC010','Sofia Rocha'),
('DEP012','FUNC011','Bento Almeida'),
('DEP013','FUNC012','Olivia Ribeiro'),
('DEP014','FUNC013','Caio Barros'),
('DEP015','FUNC014','Manuela Carvalho'),
('DEP016','FUNC015','Davi Nunes'),
('DEP017','FUNC016','Cecilia Moreira'),
('DEP018','FUNC017','Pietro Pinto'),
('DEP019','FUNC018','Heloisa Lopes'),
('DEP020','FUNC019','Bernardo Cunha'),
('DEP021','FUNC020','Maitê Teixeira'),
('DEP022','FUNC021','Theo Cardoso'),
('DEP023','FUNC022','Liz Ferreira'),
('DEP024','FUNC023','Arthur Mendes'),
('DEP025','FUNC024','Antonella Vieira'),
('DEP026','FUNC025','Anthony Castro'),
('DEP027','FUNC026','Joaquim Pires'),
('DEP028','FUNC027','Valentina Tavares'),
('DEP029','FUNC028','Samuel Borges'),
('DEP030','FUNC029','Julia Brito');

-- ---------------------------------------------------------------------
-- 5. CLIENTE  (30 tuplas)
-- ---------------------------------------------------------------------
INSERT INTO cliente (cpf, nome, telefone) VALUES
('20000000001','Marcos Andrade','81988880001'),
('20000000002','Luiza Fernandes','81988880002'),
('20000000003','Rafael Dias','81988880003'),
('20000000004','Tatiane Ramos','81988880004'),
('20000000005','Vinicius Moura','81988880005'),
('20000000006','Sofia Pacheco','81988880006'),
('20000000007','Alexandre Reis','81988880007'),
('20000000008','Bianca Salles','81988880008'),
('20000000009','Cesar Duarte','81988880009'),
('20000000010','Debora Macedo','81988880010'),
('20000000011','Eduardo Vasquez','81988880011'),
('20000000012','Fernanda Galvao','81988880012'),
('20000000013','Gilberto Henrique','81988880013'),
('20000000014','Helena Iorio','81988880014'),
('20000000015','Igor Justino','81988880015'),
('20000000016','Joana Klein','81988880016'),
('20000000017','Kauã Lobo','81988880017'),
('20000000018','Lara Maranhao','81988880018'),
('20000000019','Murilo Negrao','81988880019'),
('20000000020','Natalia Oliva','81988880020'),
('20000000021','Otavio Prates','81988880021'),
('20000000022','Patricia Quirino','81988880022'),
('20000000023','Quintino Rosa','81988880023'),
('20000000024','Renata Sales','81988880024'),
('20000000025','Sergio Tavora','81988880025'),
('20000000026','Talita Ulhoa','81988880026'),
('20000000027','Ubiratan Vargas','81988880027'),
('20000000028','Viviane Wanderley','81988880028'),
('20000000029','Wagner Xavier','81988880029'),
('20000000030','Yasmin Zaffari','81988880030');

-- ---------------------------------------------------------------------
-- 6. PRODUTO  (30 tuplas)
-- ---------------------------------------------------------------------
INSERT INTO produto (codigo, nome, preco_base) VALUES
('PROD01','Leite Integral UHT 1L', 4.99),
('PROD02','Arroz Branco 5kg',      22.90),
('PROD03','Feijao Carioca 1kg',    7.50),
('PROD04','Pao de Forma',          8.99),
('PROD05','Frango Inteiro 1kg',    14.90),
('PROD06','Carne Bovina 1kg',      29.90),
('PROD07','File de Salmao 500g',   39.90),
('PROD08','Banana Prata Kg',       3.99),
('PROD09','Maca Fuji Kg',          8.90),
('PROD10','Tomate Kg',             5.50),
('PROD11','Cerveja Lata 350ml',    3.49),
('PROD12','Refrigerante 2L',       7.99),
('PROD13','Agua Mineral 1,5L',     2.49),
('PROD14','Sabonete 90g',          2.99),
('PROD15','Shampoo 400ml',         12.90),
('PROD16','Detergente 500ml',      3.29),
('PROD17','Amaciante 2L',          9.90),
('PROD18','Acucar 1kg',            4.79),
('PROD19','Cafe 500g',             14.90),
('PROD20','Macarrao 500g',         5.49),
('PROD21','Oleo de Soja 900ml',    7.49),
('PROD22','Sal Refinado 1kg',      2.49),
('PROD23','Margarina 500g',        6.99),
('PROD24','Chocolate em po 200g',  8.50),
('PROD25','Iogurte 170g',          3.49),
('PROD26','Queijo Mussarela 1kg',  39.90),
('PROD27','Presunto 100g',         5.99),
('PROD28','Biscoito Recheado',     3.99),
('PROD29','Suco de Laranja 1L',    7.49),
('PROD30','Vinho Tinto 750ml',     35.00);

-- ---------------------------------------------------------------------
-- 7. DEPARTAMENTO  (30 tuplas)
-- ---------------------------------------------------------------------
INSERT INTO departamento (codigo, categoria) VALUES
('DEPT01','Padaria'),
('DEPT02','Acougue'),
('DEPT03','Frios e Laticinios'),
('DEPT04','Hortifruti'),
('DEPT05','Bebidas'),
('DEPT06','Higiene Pessoal'),
('DEPT07','Limpeza'),
('DEPT08','Congelados'),
('DEPT09','Graos e Cereais'),
('DEPT10','Massas'),
('DEPT11','Enlatados'),
('DEPT12','Temperos'),
('DEPT13','Doces'),
('DEPT14','Confeitaria'),
('DEPT15','Pet Shop'),
('DEPT16','Organicos'),
('DEPT17','Suplementos'),
('DEPT18','Infantil'),
('DEPT19','Farmacia'),
('DEPT20','Importados'),
('DEPT21','Papelaria'),
('DEPT22','Bazar'),
('DEPT23','Eletro'),
('DEPT24','Floricultura'),
('DEPT25','Vinhos'),
('DEPT26','Peixaria'),
('DEPT27','Sushi'),
('DEPT28','Rotisseria'),
('DEPT29','Snacks'),
('DEPT30','Cafe');

-- ---------------------------------------------------------------------
-- 8. DEPARTAMENTO_PRODUTO  (30 tuplas)
-- ---------------------------------------------------------------------
INSERT INTO departamento_produto (cod_departamento, cod_produto) VALUES
('DEPT03','PROD01'),
('DEPT09','PROD02'),
('DEPT09','PROD03'),
('DEPT01','PROD04'),
('DEPT02','PROD05'),
('DEPT02','PROD06'),
('DEPT26','PROD07'),
('DEPT04','PROD08'),
('DEPT04','PROD09'),
('DEPT04','PROD10'),
('DEPT05','PROD11'),
('DEPT05','PROD12'),
('DEPT05','PROD13'),
('DEPT06','PROD14'),
('DEPT06','PROD15'),
('DEPT07','PROD16'),
('DEPT07','PROD17'),
('DEPT09','PROD18'),
('DEPT30','PROD19'),
('DEPT10','PROD20'),
('DEPT11','PROD21'),
('DEPT12','PROD22'),
('DEPT03','PROD23'),
('DEPT13','PROD24'),
('DEPT03','PROD25'),
('DEPT03','PROD26'),
('DEPT03','PROD27'),
('DEPT13','PROD28'),
('DEPT05','PROD29'),
('DEPT25','PROD30');

-- ---------------------------------------------------------------------
-- 9. FORNECEDOR  (30 tuplas)
-- ---------------------------------------------------------------------
INSERT INTO fornecedor (cnpj, nome, rua, numero, cep) VALUES
('30000000000001','Distribuidora Aurora','Rua A','100','01001000'),
('30000000000002','Frigorifico Bom Boi','Rua B','200','02002000'),
('30000000000003','Lacticinios CampoVerde','Rua C','300','03003000'),
('30000000000004','Hortifruti FazSol','Rua D','400','04004000'),
('30000000000005','Refresca Bebidas','Rua E','500','05005000'),
('30000000000006','LimpaBem','Rua F','600','06006000'),
('30000000000007','HigieneJa','Rua G','700','07007000'),
('30000000000008','Padaria Industrial','Rua H','800','08008000'),
('30000000000009','MarFrio Pescados','Rua I','900','09009000'),
('30000000000010','Cervejaria Sul','Rua J','110','10010000'),
('30000000000011','Cafe do Norte','Rua K','120','11011000'),
('30000000000012','Massas Italia','Rua L','130','12012000'),
('30000000000013','Doce Casa','Rua M','140','13013000'),
('30000000000014','Vinicola RioGrande','Rua N','150','14014000'),
('30000000000015','SuplementosPro','Rua O','160','15015000'),
('30000000000016','BabyMix','Rua P','170','16016000'),
('30000000000017','Floricultura JardimSul','Rua Q','180','17017000'),
('30000000000018','PetCenter','Rua R','190','18018000'),
('30000000000019','OrganicoBom','Rua S','210','19019000'),
('30000000000020','Importadora Global','Rua T','220','20020000'),
('30000000000021','Papelaria Total','Rua U','230','21021000'),
('30000000000022','BazarMix','Rua V','240','22022000'),
('30000000000023','EletroCasa','Rua W','250','23023000'),
('30000000000024','SushiFresh','Rua X','260','24024000'),
('30000000000025','Rotisseria Bella','Rua Y','270','25025000'),
('30000000000026','Snacks Brasil','Rua Z','280','26026000'),
('30000000000027','Farmacia FarmaPlus','Rua AA','290','27027000'),
('30000000000028','TemperaTudo','Rua BB','310','28028000'),
('30000000000029','Conservas Doce','Rua CC','320','29029000'),
('30000000000030','Graos Bom de Casa','Rua DD','330','30030000');

-- ---------------------------------------------------------------------
-- 10. FORNECEDOR_TELEFONE  (30 tuplas)
-- ---------------------------------------------------------------------
INSERT INTO fornecedor_telefone (cnpj_fornecedor, telefone) VALUES
('30000000000001','1140001001'),
('30000000000002','1140001002'),
('30000000000003','1140001003'),
('30000000000004','1140001004'),
('30000000000005','1140001005'),
('30000000000006','1140001006'),
('30000000000007','1140001007'),
('30000000000008','1140001008'),
('30000000000009','1140001009'),
('30000000000010','1140001010'),
('30000000000011','1140001011'),
('30000000000012','1140001012'),
('30000000000013','1140001013'),
('30000000000014','1140001014'),
('30000000000015','1140001015'),
('30000000000016','1140001016'),
('30000000000017','1140001017'),
('30000000000018','1140001018'),
('30000000000019','1140001019'),
('30000000000020','1140001020'),
('30000000000021','1140001021'),
('30000000000022','1140001022'),
('30000000000023','1140001023'),
('30000000000024','1140001024'),
('30000000000025','1140001025'),
('30000000000026','1140001026'),
('30000000000027','1140001027'),
('30000000000028','1140001028'),
('30000000000029','1140001029'),
('30000000000030','1140001030');

-- ---------------------------------------------------------------------
-- 11. ENTREGA  (30 tuplas; numero_entrega usa AUTO_INCREMENT)
-- ---------------------------------------------------------------------
INSERT INTO entrega (data_entrega, quantidade, cnpj_fornecedor, cod_produto, cnpj_filial) VALUES
('2025-09-01', 50,'30000000000003','PROD01','10000000000001'),
('2025-09-02',100,'30000000000030','PROD02','10000000000001'),
('2025-09-03', 80,'30000000000030','PROD03','10000000000002'),
('2025-09-04', 30,'30000000000008','PROD04','10000000000002'),
('2025-09-05', 40,'30000000000002','PROD05','10000000000003'),
('2025-09-06', 25,'30000000000002','PROD06','10000000000003'),
('2025-09-07', 20,'30000000000009','PROD07','10000000000004'),
('2025-09-08',120,'30000000000004','PROD08','10000000000004'),
('2025-09-09', 90,'30000000000004','PROD09','10000000000005'),
('2025-09-10',110,'30000000000004','PROD10','10000000000005'),
('2025-09-11', 60,'30000000000010','PROD11','10000000000006'),
('2025-09-12', 70,'30000000000005','PROD12','10000000000006'),
('2025-09-13', 80,'30000000000005','PROD13','10000000000007'),
('2025-09-14', 40,'30000000000007','PROD14','10000000000007'),
('2025-09-15', 35,'30000000000007','PROD15','10000000000008'),
('2025-09-16', 90,'30000000000006','PROD16','10000000000008'),
('2025-09-17', 75,'30000000000006','PROD17','10000000000009'),
('2025-09-18',100,'30000000000030','PROD18','10000000000009'),
('2025-09-19', 50,'30000000000011','PROD19','10000000000010'),
('2025-09-20', 65,'30000000000012','PROD20','10000000000010'),
('2025-09-21', 80,'30000000000005','PROD21','10000000000011'),
('2025-09-22', 95,'30000000000028','PROD22','10000000000011'),
('2025-09-23', 30,'30000000000003','PROD23','10000000000012'),
('2025-09-24', 45,'30000000000013','PROD24','10000000000012'),
('2025-09-25', 50,'30000000000003','PROD25','10000000000013'),
('2025-09-26', 25,'30000000000003','PROD26','10000000000013'),
('2025-09-27', 40,'30000000000003','PROD27','10000000000014'),
('2025-09-28', 60,'30000000000013','PROD28','10000000000014'),
('2025-09-29', 70,'30000000000005','PROD29','10000000000015'),
('2025-09-30', 25,'30000000000014','PROD30','10000000000015');

-- ---------------------------------------------------------------------
-- 12. VENDE  (30 tuplas)
-- ---------------------------------------------------------------------
INSERT INTO vende (nfe, data_venda, pagamento, matricula_func, cpf_cliente) VALUES
('NFE0000000001','2025-10-01','dinheiro','FUNC004','20000000001'),
('NFE0000000002','2025-10-02','cartao',  'FUNC005','20000000002'),
('NFE0000000003','2025-10-03','pix',     'FUNC006','20000000003'),
('NFE0000000004','2025-10-04','cartao',  'FUNC007','20000000004'),
('NFE0000000005','2025-10-05','dinheiro','FUNC008','20000000005'),
('NFE0000000006','2025-10-06','pix',     'FUNC009','20000000006'),
('NFE0000000007','2025-10-07','dinheiro','FUNC010',NULL),
('NFE0000000008','2025-10-08','cartao',  'FUNC011','20000000008'),
('NFE0000000009','2025-10-09','pix',     'FUNC012','20000000009'),
('NFE0000000010','2025-10-10','cartao',  'FUNC004','20000000010'),
('NFE0000000011','2025-10-11','dinheiro','FUNC005','20000000011'),
('NFE0000000012','2025-10-12','pix',     'FUNC006','20000000012'),
('NFE0000000013','2025-10-13','cartao',  'FUNC007','20000000013'),
('NFE0000000014','2025-10-14','dinheiro','FUNC008','20000000014'),
('NFE0000000015','2025-10-15','pix',     'FUNC009','20000000015'),
('NFE0000000016','2025-10-16','cartao',  'FUNC013','20000000016'),
('NFE0000000017','2025-10-17','dinheiro','FUNC014',NULL),
('NFE0000000018','2025-10-18','pix',     'FUNC015','20000000018'),
('NFE0000000019','2025-10-19','cartao',  'FUNC016','20000000019'),
('NFE0000000020','2025-10-20','dinheiro','FUNC017','20000000020'),
('NFE0000000021','2025-10-21','pix',     'FUNC004','20000000021'),
('NFE0000000022','2025-10-22','cartao',  'FUNC005','20000000022'),
('NFE0000000023','2025-10-23','dinheiro','FUNC006','20000000023'),
('NFE0000000024','2025-10-24','pix',     'FUNC007','20000000024'),
('NFE0000000025','2025-10-25','cartao',  'FUNC008','20000000025'),
('NFE0000000026','2025-10-26','dinheiro','FUNC009','20000000026'),
('NFE0000000027','2025-10-27','pix',     'FUNC018',NULL),
('NFE0000000028','2025-10-28','cartao',  'FUNC019','20000000028'),
('NFE0000000029','2025-10-29','dinheiro','FUNC020','20000000029'),
('NFE0000000030','2025-10-30','pix',     'FUNC021','20000000030');

-- ---------------------------------------------------------------------
-- 13. VENDE_PRODUTO  (32 tuplas - cada NFE tem 1+ produtos)
-- ---------------------------------------------------------------------
INSERT INTO vende_produto (nfe, cod_produto, quantidade) VALUES
('NFE0000000001','PROD01',2),
('NFE0000000001','PROD08',3),
('NFE0000000002','PROD02',1),
('NFE0000000002','PROD18',1),
('NFE0000000003','PROD06',2),
('NFE0000000004','PROD12',4),
('NFE0000000005','PROD05',1),
('NFE0000000006','PROD11',6),
('NFE0000000007','PROD13',2),
('NFE0000000008','PROD15',1),
('NFE0000000009','PROD20',3),
('NFE0000000010','PROD24',2),
('NFE0000000011','PROD09',5),
('NFE0000000012','PROD10',4),
('NFE0000000013','PROD25',2),
('NFE0000000014','PROD30',1),
('NFE0000000015','PROD03',2),
('NFE0000000016','PROD04',2),
('NFE0000000017','PROD17',1),
('NFE0000000018','PROD16',1),
('NFE0000000019','PROD22',3),
('NFE0000000020','PROD21',2),
('NFE0000000021','PROD23',1),
('NFE0000000022','PROD19',2),
('NFE0000000023','PROD27',4),
('NFE0000000024','PROD28',6),
('NFE0000000025','PROD29',2),
('NFE0000000026','PROD26',1),
('NFE0000000027','PROD14',5),
('NFE0000000028','PROD07',1),
('NFE0000000029','PROD11',3),
('NFE0000000030','PROD12',2);
